{
  "frames": {
    "death-white": {
      "frame": {
        "x": 0,
        "y": 0,
        "w": 28,
        "h": 38
      },
      "rotated": false,
      "trimmed": true,
      "spriteSourceSize": {
        "x": 2,
        "y": 1,
        "w": 28,
        "h": 38
      },
      "sourceSize": {
        "w": 32,
        "h": 41
      },
      "pivot": {
        "x": 0.5,
        "y": 0.5
      }
    },
    "star": {
      "frame": {
        "x": 0,
        "y": 38,
        "w": 24,
        "h": 22
      },
      "rotated": false,
      "trimmed": false,
      "spriteSourceSize": {
        "x": 0,
        "y": 0,
        "w": 24,
        "h": 22
      },
      "sourceSize": {
        "w": 24,
        "h": 22
      },
      "pivot": {
        "x": 0.5,
        "y": 0.5
      }
    }
  },
  "meta": {
    "app": "http://free-tex-packer.com",
    "version": "0.6.6",
    "image": "particles.png",
    "format": "RGBA8888",
    "size": {
      "w": 28,
      "h": 60
    },
    "scale": 1
  }
}